id,label
60c5d6bf5659ea5e55deffcb,NOT
60c5d6bf5659ea5e55df028c,HOF
60c5d6bf5659ea5e55def377,HOF
60c5d6bf5659ea5e55def4c7,NOT
60c5d6bf5659ea5e55df01a6,NOT
60c5d6bf5659ea5e55def837,NOT
60c5d6bf5659ea5e55def6ec,HOF
60c5d6bf5659ea5e55def29e,HOF
60c5d6bf5659ea5e55defa01,NOT
60c5d6bf5659ea5e55def464,NOT
60c5d6bf5659ea5e55df020f,HOF
60c5d6bf5659ea5e55defb48,HOF
60c5d6bf5659ea5e55def1a8,HOF
60c5d6bf5659ea5e55defc80,HOF
60c5d6bf5659ea5e55defc3e,NOT
60c5d6bf5659ea5e55def2e2,HOF
60c5d6bf5659ea5e55defbd6,NOT
60c5d6bf5659ea5e55defc41,HOF
60c5d6bf5659ea5e55df0176,NOT
60c5d6bf5659ea5e55df027b,HOF
60c5d6bf5659ea5e55df01eb,NOT
60c5d6bf5659ea5e55def27f,HOF
60c5d6bf5659ea5e55df02e2,NOT
60c5d6bf5659ea5e55df01b9,HOF
60c5d6bf5659ea5e55defaa7,HOF
60c5d6bf5659ea5e55defae9,HOF
60c5d6bf5659ea5e55df002d,HOF
60c5d6bf5659ea5e55def466,HOF
60c5d6bf5659ea5e55df0289,HOF
60c5d6bf5659ea5e55def2a8,NOT
60c5d6bf5659ea5e55def994,HOF
60c5d6bf5659ea5e55def7cd,HOF
60c5d6bf5659ea5e55deff31,HOF
60c5d6bf5659ea5e55df0218,HOF
60c5d6bf5659ea5e55def29f,HOF
60c5d6bf5659ea5e55defeea,HOF
60c5d6bf5659ea5e55def2b8,HOF
60c5d6bf5659ea5e55defed1,NOT
60c5d6bf5659ea5e55defed8,HOF
60c5d6bf5659ea5e55defdcc,HOF
60c5d6bf5659ea5e55def50b,NOT
60c5d6bf5659ea5e55df0149,HOF
60c5d6bf5659ea5e55def497,NOT
60c5d6bf5659ea5e55df0472,HOF
60c5d6bf5659ea5e55df0290,HOF
60c5d6bf5659ea5e55def792,HOF
60c5d6bf5659ea5e55defb7f,HOF
60c5d6bf5659ea5e55def130,HOF
60c5d6bf5659ea5e55def3f9,HOF
60c5d6bf5659ea5e55df0024,NOT
60c5d6bf5659ea5e55def502,HOF
60c5d6bf5659ea5e55def6b3,NOT
60c5d6bf5659ea5e55defff1,HOF
60c5d6bf5659ea5e55df0457,HOF
60c5d6bf5659ea5e55defc14,HOF
60c5d6bf5659ea5e55df0323,HOF
60c5d6bf5659ea5e55df035b,HOF
60c5d6bf5659ea5e55def1cf,HOF
60c5d6bf5659ea5e55deff15,NOT
60c5d6bf5659ea5e55def491,HOF
60c5d6bf5659ea5e55df016f,HOF
60c5d6bf5659ea5e55def75c,HOF
60c5d6bf5659ea5e55def560,HOF
60c5d6bf5659ea5e55df01ed,NOT
60c5d6bf5659ea5e55def6c4,NOT
60c5d6bf5659ea5e55df0337,HOF
60c5d6bf5659ea5e55df036e,HOF
60c5d6bf5659ea5e55defcb2,HOF
60c5d6bf5659ea5e55deffa4,HOF
60c5d6bf5659ea5e55df014f,NOT
60c5d6bf5659ea5e55def2e5,HOF
60c5d6bf5659ea5e55def764,HOF
60c5d6bf5659ea5e55def629,NOT
60c5d6bf5659ea5e55defa5b,HOF
60c5d6bf5659ea5e55def288,NOT
60c5d6bf5659ea5e55def26d,HOF
60c5d6bf5659ea5e55def65b,HOF
60c5d6bf5659ea5e55def317,HOF
60c5d6bf5659ea5e55def235,HOF
60c5d6bf5659ea5e55df0041,HOF
60c5d6bf5659ea5e55defe17,NOT
60c5d6bf5659ea5e55df02d0,HOF
60c5d6bf5659ea5e55df00cb,HOF
60c5d6bf5659ea5e55df02a9,NOT
60c5d6bf5659ea5e55def650,HOF
60c5d6bf5659ea5e55def307,NOT
60c5d6bf5659ea5e55def5ef,NOT
60c5d6bf5659ea5e55defcc7,HOF
60c5d6bf5659ea5e55df00e1,NOT
60c5d6bf5659ea5e55df0059,HOF
60c5d6bf5659ea5e55df010b,NOT
60c5d6bf5659ea5e55defe81,NOT
60c5d6bf5659ea5e55defcb1,NOT
60c5d6bf5659ea5e55def569,HOF
60c5d6bf5659ea5e55def28b,HOF
60c5d6bf5659ea5e55defd35,NOT
60c5d6bf5659ea5e55df0314,HOF
60c5d6bf5659ea5e55def53b,NOT
60c5d6bf5659ea5e55df0286,HOF
60c5d6bf5659ea5e55df00fe,HOF
60c5d6bf5659ea5e55def10d,HOF
60c5d6bf5659ea5e55df0030,HOF
60c5d6bf5659ea5e55defab3,NOT
60c5d6bf5659ea5e55defdc1,NOT
60c5d6bf5659ea5e55def1e4,NOT
60c5d6bf5659ea5e55df0158,HOF
60c5d6bf5659ea5e55def45a,HOF
60c5d6bf5659ea5e55def9d6,HOF
60c5d6bf5659ea5e55defb9e,HOF
60c5d6bf5659ea5e55defa7d,HOF
60c5d6bf5659ea5e55defca3,HOF
60c5d6bf5659ea5e55defb94,HOF
60c5d6bf5659ea5e55def766,NOT
60c5d6bf5659ea5e55def254,HOF
60c5d6bf5659ea5e55df047e,NOT
60c5d6bf5659ea5e55def4b8,HOF
60c5d6bf5659ea5e55def8bc,HOF
60c5d6bf5659ea5e55defc27,HOF
60c5d6bf5659ea5e55df02cd,HOF
60c5d6bf5659ea5e55def66e,HOF
60c5d6bf5659ea5e55df0195,NOT
60c5d6bf5659ea5e55defd5e,HOF
60c5d6bf5659ea5e55df0261,NOT
60c5d6bf5659ea5e55def6bd,HOF
60c5d6bf5659ea5e55df00b2,NOT
60c5d6bf5659ea5e55df02d4,NOT
60c5d6bf5659ea5e55def84d,HOF
60c5d6bf5659ea5e55defbe0,HOF
60c5d6bf5659ea5e55defe02,NOT
60c5d6bf5659ea5e55df016d,HOF
60c5d6bf5659ea5e55def4a7,HOF
60c5d6bf5659ea5e55df0026,HOF
60c5d6bf5659ea5e55df01dc,HOF
60c5d6bf5659ea5e55df01b5,HOF
60c5d6bf5659ea5e55df03c9,HOF
60c5d6bf5659ea5e55df02dd,HOF
60c5d6bf5659ea5e55defd30,NOT
60c5d6bf5659ea5e55def8fb,NOT
60c5d6bf5659ea5e55def5a5,HOF
60c5d6bf5659ea5e55def81e,NOT
60c5d6bf5659ea5e55def914,NOT
60c5d6bf5659ea5e55def8bd,HOF
60c5d6bf5659ea5e55def921,HOF
60c5d6bf5659ea5e55def92b,HOF
60c5d6bf5659ea5e55df0019,HOF
60c5d6bf5659ea5e55df0422,NOT
60c5d6bf5659ea5e55defc0b,HOF
60c5d6bf5659ea5e55def8b6,NOT
60c5d6bf5659ea5e55def465,HOF
60c5d6bf5659ea5e55df03a2,NOT
60c5d6bf5659ea5e55def9e2,NOT
60c5d6bf5659ea5e55def5a2,HOF
60c5d6bf5659ea5e55df01d4,NOT
60c5d6bf5659ea5e55df01dd,NOT
60c5d6bf5659ea5e55df04f3,HOF
60c5d6bf5659ea5e55def64e,HOF
60c5d6bf5659ea5e55def4e9,HOF
60c5d6bf5659ea5e55defd5f,NOT
60c5d6bf5659ea5e55defb01,HOF
60c5d6bf5659ea5e55df013f,HOF
60c5d6bf5659ea5e55df0474,NOT
60c5d6bf5659ea5e55df04d7,HOF
60c5d6bf5659ea5e55df00b3,NOT
60c5d6bf5659ea5e55defe74,NOT
60c5d6bf5659ea5e55def572,NOT
60c5d6bf5659ea5e55defe2a,NOT
60c5d6bf5659ea5e55def112,NOT
60c5d6bf5659ea5e55def9c3,HOF
60c5d6bf5659ea5e55def562,HOF
60c5d6bf5659ea5e55deff7c,NOT
60c5d6bf5659ea5e55def34c,HOF
60c5d6bf5659ea5e55defb35,NOT
60c5d6bf5659ea5e55df0221,HOF
60c5d6bf5659ea5e55def672,HOF
60c5d6bf5659ea5e55df048f,HOF
60c5d6bf5659ea5e55def693,HOF
60c5d6bf5659ea5e55df041a,HOF
60c5d6bf5659ea5e55df046d,NOT
60c5d6bf5659ea5e55def653,HOF
60c5d6bf5659ea5e55df0211,HOF
60c5d6bf5659ea5e55def75f,HOF
60c5d6bf5659ea5e55def39f,HOF
60c5d6bf5659ea5e55def501,HOF
60c5d6bf5659ea5e55deffdc,HOF
60c5d6bf5659ea5e55def7bf,HOF
60c5d6bf5659ea5e55deff8d,HOF
60c5d6bf5659ea5e55defc94,NOT
60c5d6bf5659ea5e55deff06,HOF
60c5d6bf5659ea5e55deff41,HOF
60c5d6bf5659ea5e55df04b1,HOF
60c5d6bf5659ea5e55def40d,NOT
60c5d6bf5659ea5e55def620,HOF
60c5d6bf5659ea5e55df026b,NOT
60c5d6bf5659ea5e55df0222,HOF
60c5d6bf5659ea5e55df0266,HOF
60c5d6bf5659ea5e55df0274,HOF
60c5d6bf5659ea5e55def6d1,HOF
60c5d6bf5659ea5e55df047a,HOF
60c5d6bf5659ea5e55df035f,HOF
60c5d6bf5659ea5e55df006a,NOT
60c5d6bf5659ea5e55defa76,NOT
60c5d6bf5659ea5e55df033f,HOF
60c5d6bf5659ea5e55deff9b,NOT
60c5d6bf5659ea5e55defe66,NOT
60c5d6bf5659ea5e55def117,NOT
60c5d6bf5659ea5e55df0246,HOF
60c5d6bf5659ea5e55def252,HOF
60c5d6bf5659ea5e55df0051,HOF
60c5d6bf5659ea5e55df02b0,HOF
60c5d6bf5659ea5e55defd53,NOT
60c5d6bf5659ea5e55defe95,NOT
60c5d6bf5659ea5e55df000b,NOT
60c5d6bf5659ea5e55defbbf,HOF
60c5d6bf5659ea5e55df04ad,HOF
60c5d6bf5659ea5e55defee9,NOT
60c5d6bf5659ea5e55defa82,NOT
60c5d6bf5659ea5e55def2e3,NOT
60c5d6bf5659ea5e55def48c,HOF
60c5d6bf5659ea5e55def514,HOF
60c5d6bf5659ea5e55defda9,NOT
60c5d6bf5659ea5e55def7c2,HOF
60c5d6bf5659ea5e55defa8e,NOT
60c5d6bf5659ea5e55def62c,NOT
60c5d6bf5659ea5e55def3c8,HOF
60c5d6bf5659ea5e55df037e,HOF
60c5d6bf5659ea5e55def966,NOT
60c5d6bf5659ea5e55df045e,HOF
60c5d6bf5659ea5e55def95b,NOT
60c5d6bf5659ea5e55def344,NOT
60c5d6bf5659ea5e55defec3,HOF
60c5d6bf5659ea5e55def3f7,HOF
60c5d6bf5659ea5e55def6db,HOF
60c5d6bf5659ea5e55df04ce,NOT
60c5d6bf5659ea5e55def125,HOF
60c5d6bf5659ea5e55def95a,HOF
60c5d6bf5659ea5e55def98c,NOT
60c5d6bf5659ea5e55def239,HOF
60c5d6bf5659ea5e55defc51,HOF
60c5d6bf5659ea5e55def7f1,NOT
60c5d6bf5659ea5e55defb2e,NOT
60c5d6bf5659ea5e55def680,HOF
60c5d6bf5659ea5e55def422,HOF
60c5d6bf5659ea5e55df0374,NOT
60c5d6bf5659ea5e55def189,HOF
60c5d6bf5659ea5e55def852,HOF
60c5d6bf5659ea5e55deff56,HOF
60c5d6bf5659ea5e55deffbb,NOT
60c5d6bf5659ea5e55defca1,NOT
60c5d6bf5659ea5e55defe06,NOT
60c5d6bf5659ea5e55defceb,NOT
60c5d6bf5659ea5e55def2bd,HOF
60c5d6bf5659ea5e55def967,NOT
60c5d6bf5659ea5e55def5c4,HOF
60c5d6bf5659ea5e55df02fc,HOF
60c5d6bf5659ea5e55def433,HOF
60c5d6bf5659ea5e55def985,NOT
60c5d6bf5659ea5e55def475,HOF
60c5d6bf5659ea5e55def6d2,NOT
60c5d6bf5659ea5e55def4e3,HOF
60c5d6bf5659ea5e55def73c,HOF
60c5d6bf5659ea5e55defa9b,HOF
60c5d6bf5659ea5e55def205,HOF
60c5d6bf5659ea5e55defd97,HOF
60c5d6bf5659ea5e55df01df,HOF
60c5d6bf5659ea5e55defca7,NOT
60c5d6bf5659ea5e55def9f0,HOF
60c5d6bf5659ea5e55defeb0,HOF
60c5d6bf5659ea5e55defdc0,HOF
60c5d6bf5659ea5e55df0178,HOF
60c5d6bf5659ea5e55df0236,NOT
60c5d6bf5659ea5e55df0172,NOT
60c5d6bf5659ea5e55def3af,HOF
60c5d6bf5659ea5e55deff6f,NOT
60c5d6bf5659ea5e55defe0e,HOF
60c5d6bf5659ea5e55df0203,HOF
60c5d6bf5659ea5e55def6ab,HOF
60c5d6bf5659ea5e55def61a,NOT
60c5d6bf5659ea5e55defc79,NOT
60c5d6bf5659ea5e55defd7f,HOF
60c5d6bf5659ea5e55def86d,NOT
60c5d6bf5659ea5e55df0168,NOT
60c5d6bf5659ea5e55defbb7,NOT
60c5d6bf5659ea5e55def534,HOF
60c5d6bf5659ea5e55deff3b,HOF
60c5d6bf5659ea5e55df047f,NOT
60c5d6bf5659ea5e55def323,HOF
60c5d6bf5659ea5e55def920,NOT
60c5d6bf5659ea5e55defd1c,HOF
60c5d6bf5659ea5e55defffb,HOF
60c5d6bf5659ea5e55def212,HOF
60c5d6bf5659ea5e55def9e9,NOT
60c5d6bf5659ea5e55df025c,NOT
60c5d6bf5659ea5e55def6b2,HOF
60c5d6bf5659ea5e55deff9e,HOF
60c5d6bf5659ea5e55defa41,HOF
60c5d6bf5659ea5e55defda2,NOT
60c5d6bf5659ea5e55df00a8,HOF
60c5d6bf5659ea5e55defd61,HOF
60c5d6bf5659ea5e55def4f6,HOF
60c5d6bf5659ea5e55def110,HOF
60c5d6bf5659ea5e55deffef,HOF
60c5d6bf5659ea5e55defe16,HOF
60c5d6bf5659ea5e55defe72,NOT
60c5d6bf5659ea5e55df01f9,HOF
60c5d6bf5659ea5e55def1bd,NOT
60c5d6bf5659ea5e55defa96,HOF
60c5d6bf5659ea5e55def5fa,HOF
60c5d6bf5659ea5e55df046e,NOT
60c5d6bf5659ea5e55def896,NOT
60c5d6bf5659ea5e55def937,HOF
60c5d6bf5659ea5e55def7c6,NOT
60c5d6bf5659ea5e55deff57,HOF
60c5d6bf5659ea5e55def8e3,NOT
60c5d6bf5659ea5e55def773,HOF
60c5d6bf5659ea5e55defbf7,NOT
60c5d6bf5659ea5e55def180,NOT
60c5d6bf5659ea5e55def4fb,HOF
60c5d6bf5659ea5e55df0310,HOF
60c5d6bf5659ea5e55def88e,NOT
60c5d6bf5659ea5e55def203,HOF
60c5d6bf5659ea5e55defdd5,HOF
60c5d6bf5659ea5e55def7a9,HOF
60c5d6bf5659ea5e55df01da,NOT
60c5d6bf5659ea5e55def612,NOT
60c5d6bf5659ea5e55deffca,NOT
60c5d6bf5659ea5e55df042c,HOF
60c5d6bf5659ea5e55def5d9,NOT
60c5d6bf5659ea5e55defc61,HOF
60c5d6bf5659ea5e55def9f2,HOF
60c5d6bf5659ea5e55df0277,NOT
60c5d6bf5659ea5e55def5be,HOF
60c5d6bf5659ea5e55defeba,HOF
60c5d6bf5659ea5e55df0194,NOT
60c5d6bf5659ea5e55deff27,HOF
60c5d6bf5659ea5e55defcec,HOF
60c5d6bf5659ea5e55def12b,HOF
60c5d6bf5659ea5e55df01aa,NOT
60c5d6bf5659ea5e55def5a6,HOF
60c5d6bf5659ea5e55def7e3,HOF
60c5d6bf5659ea5e55def6c8,NOT
60c5d6bf5659ea5e55df01ca,HOF
60c5d6bf5659ea5e55def4ee,HOF
60c5d6bf5659ea5e55def3c2,HOF
60c5d6bf5659ea5e55df0017,HOF
60c5d6bf5659ea5e55def7a5,NOT
60c5d6bf5659ea5e55defc68,HOF
60c5d6bf5659ea5e55defa87,NOT
60c5d6bf5659ea5e55defa7b,HOF
60c5d6bf5659ea5e55defc02,NOT
60c5d6bf5659ea5e55deffcf,HOF
60c5d6bf5659ea5e55defaa1,NOT
60c5d6bf5659ea5e55df0012,NOT
60c5d6bf5659ea5e55def85c,HOF
60c5d6bf5659ea5e55defddc,NOT
60c5d6bf5659ea5e55def4a0,HOF
60c5d6bf5659ea5e55defb71,HOF
60c5d6bf5659ea5e55def2f0,NOT
60c5d6bf5659ea5e55def8b3,NOT
60c5d6bf5659ea5e55defc29,HOF
60c5d6bf5659ea5e55defb2d,NOT
60c5d6bf5659ea5e55def6fe,NOT
60c5d6bf5659ea5e55df0013,HOF
60c5d6bf5659ea5e55df04ae,NOT
60c5d6bf5659ea5e55def291,NOT
60c5d6bf5659ea5e55defcba,HOF
60c5d6bf5659ea5e55def69e,NOT
60c5d6bf5659ea5e55defb00,NOT
60c5d6bf5659ea5e55df015c,HOF
60c5d6bf5659ea5e55def46a,HOF
60c5d6bf5659ea5e55def3b9,HOF
60c5d6bf5659ea5e55df037d,HOF
60c5d6bf5659ea5e55defb79,HOF
60c5d6bf5659ea5e55defbab,NOT
60c5d6bf5659ea5e55def23b,HOF
60c5d6bf5659ea5e55def357,NOT
60c5d6bf5659ea5e55def1d2,NOT
60c5d6bf5659ea5e55def9ee,HOF
60c5d6bf5659ea5e55deff24,HOF
60c5d6bf5659ea5e55df00f9,HOF
60c5d6bf5659ea5e55def39b,HOF
60c5d6bf5659ea5e55defdbf,NOT
60c5d6bf5659ea5e55def8f9,HOF
60c5d6bf5659ea5e55def240,NOT
60c5d6bf5659ea5e55defc78,NOT
60c5d6bf5659ea5e55def2b4,NOT
60c5d6bf5659ea5e55defd95,HOF
60c5d6bf5659ea5e55df0452,NOT
60c5d6bf5659ea5e55def8db,HOF
60c5d6bf5659ea5e55df03ad,HOF
60c5d6bf5659ea5e55df02fb,NOT
60c5d6bf5659ea5e55def9c5,HOF
60c5d6bf5659ea5e55def2d0,HOF
60c5d6bf5659ea5e55df0133,NOT
60c5d6bf5659ea5e55def5e2,NOT
60c5d6bf5659ea5e55df045b,HOF
60c5d6bf5659ea5e55defa07,HOF
60c5d6bf5659ea5e55defd59,NOT
60c5d6bf5659ea5e55def353,NOT
60c5d6bf5659ea5e55def6c5,NOT
60c5d6bf5659ea5e55deff3d,HOF
60c5d6bf5659ea5e55df0096,NOT
60c5d6bf5659ea5e55df03f4,NOT
60c5d6bf5659ea5e55def525,NOT
60c5d6bf5659ea5e55def4e6,NOT
60c5d6bf5659ea5e55df041e,NOT
60c5d6bf5659ea5e55defec8,HOF
60c5d6bf5659ea5e55defb43,HOF
60c5d6bf5659ea5e55def368,HOF
60c5d6bf5659ea5e55def5dd,HOF
60c5d6bf5659ea5e55def5b7,HOF
60c5d6bf5659ea5e55def7ea,NOT
60c5d6bf5659ea5e55defa83,NOT
60c5d6bf5659ea5e55def780,HOF
60c5d6bf5659ea5e55def7c1,HOF
60c5d6bf5659ea5e55def0fd,HOF
60c5d6bf5659ea5e55def76c,HOF
60c5d6bf5659ea5e55def8ba,NOT
60c5d6bf5659ea5e55def542,HOF
60c5d6bf5659ea5e55df0044,HOF
60c5d6bf5659ea5e55deff4b,HOF
60c5d6bf5659ea5e55df03d3,HOF
60c5d6bf5659ea5e55defd47,HOF
60c5d6bf5659ea5e55def881,NOT
60c5d6bf5659ea5e55defa52,NOT
60c5d6bf5659ea5e55def759,NOT
60c5d6bf5659ea5e55df035e,NOT
60c5d6bf5659ea5e55def4fe,HOF
60c5d6bf5659ea5e55df042b,NOT
60c5d6bf5659ea5e55def906,HOF
60c5d6bf5659ea5e55defaf5,HOF
60c5d6bf5659ea5e55def1b6,HOF
60c5d6bf5659ea5e55defc43,HOF
60c5d6bf5659ea5e55def698,HOF
60c5d6bf5659ea5e55defaa0,NOT
60c5d6bf5659ea5e55def430,NOT
60c5d6bf5659ea5e55def7fd,NOT
60c5d6bf5659ea5e55def467,HOF
60c5d6bf5659ea5e55defe79,NOT
60c5d6bf5659ea5e55deff73,NOT
60c5d6bf5659ea5e55def41f,HOF
60c5d6bf5659ea5e55def277,HOF
60c5d6bf5659ea5e55df0179,HOF
60c5d6bf5659ea5e55df0272,HOF
60c5d6bf5659ea5e55def61b,HOF
60c5d6bf5659ea5e55defcf0,HOF
60c5d6bf5659ea5e55deff74,NOT
60c5d6bf5659ea5e55def143,HOF
60c5d6bf5659ea5e55def43c,HOF
60c5d6bf5659ea5e55df021f,NOT
60c5d6bf5659ea5e55df0269,HOF
60c5d6bf5659ea5e55defe43,NOT
60c5d6bf5659ea5e55df03ee,HOF
60c5d6bf5659ea5e55df0371,HOF
60c5d6bf5659ea5e55def4ca,HOF
60c5d6bf5659ea5e55df0483,HOF
60c5d6bf5659ea5e55df0394,NOT
60c5d6bf5659ea5e55df007d,HOF
60c5d6bf5659ea5e55defb7a,HOF
60c5d6bf5659ea5e55def253,HOF
60c5d6bf5659ea5e55def8e7,NOT
60c5d6bf5659ea5e55def1ef,HOF
60c5d6bf5659ea5e55deff26,HOF
60c5d6bf5659ea5e55def129,HOF
60c5d6bf5659ea5e55df0316,NOT
60c5d6bf5659ea5e55df0467,NOT
60c5d6bf5659ea5e55def8dd,HOF
60c5d6bf5659ea5e55df02bd,NOT
60c5d6bf5659ea5e55def60e,HOF
60c5d6bf5659ea5e55df04c6,HOF
60c5d6bf5659ea5e55def43e,NOT
60c5d6bf5659ea5e55def30e,HOF
60c5d6bf5659ea5e55def4aa,NOT
60c5d6bf5659ea5e55df01be,HOF
60c5d6bf5659ea5e55df0088,NOT
60c5d6bf5659ea5e55def7f3,NOT
60c5d6bf5659ea5e55df0296,HOF
60c5d6bf5659ea5e55def912,NOT
60c5d6bf5659ea5e55def82b,NOT
60c5d6bf5659ea5e55def610,HOF
60c5d6bf5659ea5e55def750,NOT
60c5d6bf5659ea5e55def330,HOF
60c5d6bf5659ea5e55def825,NOT
60c5d6bf5659ea5e55defc64,NOT
60c5d6bf5659ea5e55def5f3,HOF
60c5d6bf5659ea5e55def8b5,NOT
60c5d6bf5659ea5e55df0239,NOT
60c5d6bf5659ea5e55df0401,HOF
60c5d6bf5659ea5e55def971,HOF
60c5d6bf5659ea5e55def2d2,HOF
60c5d6bf5659ea5e55def7c0,NOT
60c5d6bf5659ea5e55def241,HOF
60c5d6bf5659ea5e55def646,HOF
60c5d6bf5659ea5e55def91e,NOT
60c5d6bf5659ea5e55def68b,NOT
60c5d6bf5659ea5e55defae3,HOF
60c5d6bf5659ea5e55df001c,HOF
60c5d6bf5659ea5e55df03c1,HOF
60c5d6bf5659ea5e55df021c,NOT
60c5d6bf5659ea5e55defcbc,HOF
60c5d6bf5659ea5e55def8df,NOT
60c5d6bf5659ea5e55def232,NOT
60c5d6bf5659ea5e55def6b8,HOF
60c5d6bf5659ea5e55deff59,NOT
60c5d6bf5659ea5e55defb40,HOF
60c5d6bf5659ea5e55defd4b,HOF
60c5d6bf5659ea5e55df01b7,HOF
60c5d6bf5659ea5e55def7f4,HOF
60c5d6bf5659ea5e55defb49,HOF
60c5d6bf5659ea5e55def32c,NOT
60c5d6bf5659ea5e55def3b5,HOF
60c5d6bf5659ea5e55deffec,HOF
60c5d6bf5659ea5e55def823,HOF
60c5d6bf5659ea5e55defac4,HOF
60c5d6bf5659ea5e55deff0d,HOF
60c5d6bf5659ea5e55defa7f,HOF
60c5d6bf5659ea5e55df007b,HOF
60c5d6bf5659ea5e55def380,NOT
60c5d6bf5659ea5e55defa37,HOF
60c5d6bf5659ea5e55defd73,HOF
60c5d6bf5659ea5e55def5bc,HOF
60c5d6bf5659ea5e55def927,HOF
60c5d6bf5659ea5e55def5ed,HOF
60c5d6bf5659ea5e55defa73,HOF
60c5d6bf5659ea5e55def625,HOF
60c5d6bf5659ea5e55def280,NOT
60c5d6bf5659ea5e55df0016,NOT
60c5d6bf5659ea5e55def75e,NOT
60c5d6bf5659ea5e55df0144,NOT
60c5d6bf5659ea5e55def37f,NOT
60c5d6bf5659ea5e55defd77,NOT
60c5d6bf5659ea5e55df0082,HOF
60c5d6bf5659ea5e55def210,HOF
60c5d6bf5659ea5e55def778,HOF
60c5d6bf5659ea5e55defdf7,HOF
60c5d6bf5659ea5e55def982,NOT
60c5d6bf5659ea5e55def634,HOF
60c5d6bf5659ea5e55defc86,NOT
60c5d6bf5659ea5e55df0137,HOF
60c5d6bf5659ea5e55def923,HOF
60c5d6bf5659ea5e55def27a,HOF
60c5d6bf5659ea5e55df0103,NOT
60c5d6bf5659ea5e55df011c,HOF
60c5d6bf5659ea5e55def173,HOF
60c5d6bf5659ea5e55df03b1,NOT
60c5d6bf5659ea5e55def9a2,HOF
60c5d6bf5659ea5e55defc09,NOT
60c5d6bf5659ea5e55df0417,HOF
60c5d6bf5659ea5e55df0367,HOF
60c5d6bf5659ea5e55defac9,HOF
60c5d6bf5659ea5e55def5c2,NOT
60c5d6bf5659ea5e55def992,HOF
60c5d6bf5659ea5e55def6dc,HOF
60c5d6bf5659ea5e55defb4a,NOT
60c5d6bf5659ea5e55def986,NOT
60c5d6bf5659ea5e55def671,HOF
60c5d6bf5659ea5e55def7b7,NOT
60c5d6bf5659ea5e55defc2b,HOF
60c5d6bf5659ea5e55def9af,NOT
60c5d6bf5659ea5e55def1fb,HOF
60c5d6bf5659ea5e55def424,HOF
60c5d6bf5659ea5e55df024b,HOF
60c5d6bf5659ea5e55defcc1,NOT
60c5d6bf5659ea5e55defc60,NOT
60c5d6bf5659ea5e55df015e,HOF
60c5d6bf5659ea5e55defeec,HOF
60c5d6bf5659ea5e55def54c,HOF
60c5d6bf5659ea5e55defa06,NOT
60c5d6bf5659ea5e55df03e4,NOT
60c5d6bf5659ea5e55df0450,HOF
60c5d6bf5659ea5e55defe33,HOF
60c5d6bf5659ea5e55df0040,HOF
60c5d6bf5659ea5e55df04b4,HOF
60c5d6bf5659ea5e55def93a,NOT
60c5d6bf5659ea5e55def32a,HOF
60c5d6bf5659ea5e55def6c7,HOF
60c5d6bf5659ea5e55defaf6,HOF
60c5d6bf5659ea5e55def40c,HOF
60c5d6bf5659ea5e55def201,HOF
60c5d6bf5659ea5e55def67a,HOF
60c5d6bf5659ea5e55deffa2,HOF
60c5d6bf5659ea5e55def529,NOT
60c5d6bf5659ea5e55def609,HOF
60c5d6bf5659ea5e55df03d7,HOF
60c5d6bf5659ea5e55defe45,NOT
60c5d6bf5659ea5e55defbc1,HOF
60c5d6bf5659ea5e55def2b1,HOF
60c5d6bf5659ea5e55df0459,NOT
60c5d6bf5659ea5e55def365,HOF
60c5d6bf5659ea5e55deff5b,NOT
60c5d6bf5659ea5e55def312,HOF
60c5d6bf5659ea5e55def160,HOF
60c5d6bf5659ea5e55df0339,HOF
60c5d6bf5659ea5e55defb02,HOF
60c5d6bf5659ea5e55df04e1,NOT
60c5d6bf5659ea5e55defa00,HOF
60c5d6bf5659ea5e55df02f1,HOF
60c5d6bf5659ea5e55def803,NOT
60c5d6bf5659ea5e55defc3d,HOF
60c5d6bf5659ea5e55df0321,HOF
60c5d6bf5659ea5e55def598,NOT
60c5d6bf5659ea5e55defd46,NOT
60c5d6bf5659ea5e55df000f,NOT
60c5d6bf5659ea5e55def7d0,HOF
60c5d6bf5659ea5e55def311,HOF
60c5d6bf5659ea5e55df01ab,NOT
60c5d6bf5659ea5e55def57c,HOF
60c5d6bf5659ea5e55def114,HOF
60c5d6bf5659ea5e55defc6f,HOF
60c5d6bf5659ea5e55def85b,HOF
60c5d6bf5659ea5e55def219,NOT
60c5d6bf5659ea5e55def71f,NOT
60c5d6bf5659ea5e55deffed,HOF
60c5d6bf5659ea5e55def92c,NOT
60c5d6bf5659ea5e55df0002,HOF
60c5d6bf5659ea5e55df00fa,HOF
60c5d6bf5659ea5e55df0169,HOF
60c5d6bf5659ea5e55defb47,NOT
60c5d6bf5659ea5e55def227,NOT
60c5d6bf5659ea5e55defbf2,HOF
60c5d6bf5659ea5e55df00b0,HOF
60c5d6bf5659ea5e55df0202,NOT
60c5d6bf5659ea5e55def135,NOT
60c5d6bf5659ea5e55def55d,HOF
60c5d6bf5659ea5e55def2e8,NOT
60c5d6bf5659ea5e55def580,HOF
60c5d6bf5659ea5e55df0235,HOF
60c5d6bf5659ea5e55def3c5,NOT
60c5d6bf5659ea5e55df0384,NOT
60c5d6bf5659ea5e55def838,HOF
60c5d6bf5659ea5e55defbea,NOT
60c5d6bf5659ea5e55df04d4,HOF
60c5d6bf5659ea5e55df048a,NOT
60c5d6bf5659ea5e55def4bd,HOF
60c5d6bf5659ea5e55def123,HOF
60c5d6bf5659ea5e55df0242,NOT
60c5d6bf5659ea5e55def224,NOT
60c5d6bf5659ea5e55def7e9,NOT
60c5d6bf5659ea5e55def523,HOF
60c5d6bf5659ea5e55defefd,HOF
60c5d6bf5659ea5e55defef9,NOT
60c5d6bf5659ea5e55deff69,NOT
60c5d6bf5659ea5e55defc77,NOT
60c5d6bf5659ea5e55df019c,HOF
60c5d6bf5659ea5e55deff03,NOT
60c5d6bf5659ea5e55defd0c,HOF
60c5d6bf5659ea5e55df02b6,HOF
60c5d6bf5659ea5e55df04e8,NOT
60c5d6bf5659ea5e55df0181,HOF
60c5d6bf5659ea5e55def7f8,NOT
60c5d6bf5659ea5e55df03bd,HOF
60c5d6bf5659ea5e55defc00,NOT
60c5d6bf5659ea5e55defb30,HOF
60c5d6bf5659ea5e55df013e,HOF
60c5d6bf5659ea5e55df0346,NOT
60c5d6bf5659ea5e55def929,NOT
60c5d6bf5659ea5e55def681,NOT
60c5d6bf5659ea5e55def3e2,NOT
60c5d6bf5659ea5e55def99c,HOF
60c5d6bf5659ea5e55def149,HOF
60c5d6bf5659ea5e55defab5,HOF
60c5d6bf5659ea5e55def2a4,NOT
60c5d6bf5659ea5e55def96f,HOF
60c5d6bf5659ea5e55def87f,HOF
60c5d6bf5659ea5e55defa8c,HOF
60c5d6bf5659ea5e55defdde,NOT
60c5d6bf5659ea5e55def3bd,HOF
60c5d6bf5659ea5e55df0095,HOF
60c5d6bf5659ea5e55df00ef,HOF
60c5d6bf5659ea5e55df029b,HOF
60c5d6bf5659ea5e55def6dd,HOF
60c5d6bf5659ea5e55def28e,HOF
60c5d6bf5659ea5e55def8d0,HOF
60c5d6bf5659ea5e55df012f,HOF
60c5d6bf5659ea5e55defc55,HOF
60c5d6bf5659ea5e55def2a6,NOT
60c5d6bf5659ea5e55defb72,NOT
60c5d6bf5659ea5e55df02da,NOT
60c5d6bf5659ea5e55df0480,NOT
60c5d6bf5659ea5e55def3ab,HOF
60c5d6bf5659ea5e55defeaa,HOF
60c5d6bf5659ea5e55def1a1,NOT
60c5d6bf5659ea5e55defda4,HOF
60c5d6bf5659ea5e55df00ad,HOF
60c5d6bf5659ea5e55defd01,NOT
60c5d6bf5659ea5e55defca5,HOF
60c5d6bf5659ea5e55def776,HOF
60c5d6bf5659ea5e55defc28,HOF
60c5d6bf5659ea5e55defb58,HOF
60c5d6bf5659ea5e55def5b4,HOF
60c5d6bf5659ea5e55def78d,HOF
60c5d6bf5659ea5e55defaed,NOT
60c5d6bf5659ea5e55defda3,HOF
60c5d6bf5659ea5e55df01f2,HOF
60c5d6bf5659ea5e55df041c,NOT
60c5d6bf5659ea5e55df01d2,HOF
60c5d6bf5659ea5e55def1b0,HOF
60c5d6bf5659ea5e55df0255,HOF
60c5d6bf5659ea5e55def230,HOF
60c5d6bf5659ea5e55def11c,HOF
60c5d6bf5659ea5e55def669,HOF
60c5d6bf5659ea5e55defc25,HOF
60c5d6bf5659ea5e55df03de,NOT
60c5d6bf5659ea5e55defaf2,NOT
60c5d6bf5659ea5e55df03ba,HOF
60c5d6bf5659ea5e55defcaf,NOT
60c5d6bf5659ea5e55def458,HOF
60c5d6bf5659ea5e55def6da,NOT
60c5d6bf5659ea5e55df01f1,NOT
60c5d6bf5659ea5e55def42d,HOF
60c5d6bf5659ea5e55defa4c,NOT
60c5d6bf5659ea5e55def9d4,NOT
60c5d6bf5659ea5e55defa68,HOF
60c5d6bf5659ea5e55deff14,HOF
60c5d6bf5659ea5e55def2ec,NOT
60c5d6bf5659ea5e55defafe,HOF
60c5d6bf5659ea5e55def97b,HOF
60c5d6bf5659ea5e55def2b2,NOT
60c5d6bf5659ea5e55def668,HOF
60c5d6bf5659ea5e55df02c2,NOT
60c5d6bf5659ea5e55df0287,HOF
60c5d6bf5659ea5e55def36a,NOT
60c5d6bf5659ea5e55defd09,NOT
60c5d6bf5659ea5e55defc24,NOT
60c5d6bf5659ea5e55defa43,NOT
60c5d6bf5659ea5e55df0130,NOT
60c5d6bf5659ea5e55df02bc,HOF
60c5d6bf5659ea5e55defbb0,NOT
60c5d6bf5659ea5e55def1e7,HOF
60c5d6bf5659ea5e55df003b,NOT
60c5d6bf5659ea5e55def6a9,HOF
60c5d6bf5659ea5e55df0080,NOT
60c5d6bf5659ea5e55defa1d,HOF
60c5d6bf5659ea5e55defb1c,HOF
60c5d6bf5659ea5e55def2da,HOF
60c5d6bf5659ea5e55def33c,HOF
60c5d6bf5659ea5e55def4ab,HOF
60c5d6bf5659ea5e55def891,HOF
60c5d6bf5659ea5e55def68c,NOT
60c5d6bf5659ea5e55df00b6,NOT
60c5d6bf5659ea5e55df02ca,HOF
60c5d6bf5659ea5e55df0043,HOF
60c5d6bf5659ea5e55def839,NOT
60c5d6bf5659ea5e55def65e,HOF
60c5d6bf5659ea5e55df0220,HOF
60c5d6bf5659ea5e55df003a,HOF
60c5d6bf5659ea5e55def7eb,HOF
60c5d6bf5659ea5e55def774,NOT
60c5d6bf5659ea5e55def303,HOF
60c5d6bf5659ea5e55defe18,HOF
60c5d6bf5659ea5e55defccf,HOF
60c5d6bf5659ea5e55def877,HOF
60c5d6bf5659ea5e55df0461,HOF
60c5d6bf5659ea5e55df0482,HOF
60c5d6bf5659ea5e55def304,NOT
60c5d6bf5659ea5e55df000d,HOF
60c5d6bf5659ea5e55df0090,NOT
60c5d6bf5659ea5e55def9a9,NOT
60c5d6bf5659ea5e55def9f4,NOT
60c5d6bf5659ea5e55defb2c,NOT
60c5d6bf5659ea5e55defdfe,HOF
60c5d6bf5659ea5e55def96e,HOF
60c5d6bf5659ea5e55defc1c,HOF
60c5d6bf5659ea5e55df0342,NOT
60c5d6bf5659ea5e55defc5e,HOF
60c5d6bf5659ea5e55deff9d,HOF
60c5d6bf5659ea5e55def956,HOF
60c5d6bf5659ea5e55defcdb,HOF
60c5d6bf5659ea5e55def81b,NOT
60c5d6bf5659ea5e55def51a,NOT
60c5d6bf5659ea5e55def69b,HOF
60c5d6bf5659ea5e55def706,NOT
60c5d6bf5659ea5e55def238,HOF
60c5d6bf5659ea5e55defd63,HOF
60c5d6bf5659ea5e55defedf,NOT
60c5d6bf5659ea5e55df02c6,HOF
60c5d6bf5659ea5e55deff1f,HOF
60c5d6bf5659ea5e55def1be,HOF
60c5d6bf5659ea5e55def209,HOF
60c5d6bf5659ea5e55df02a1,NOT
60c5d6bf5659ea5e55df00e8,HOF
60c5d6bf5659ea5e55defa97,NOT
60c5d6bf5659ea5e55df022d,HOF
60c5d6bf5659ea5e55def7fb,NOT
60c5d6bf5659ea5e55df0365,HOF
60c5d6bf5659ea5e55def959,HOF
60c5d6bf5659ea5e55df0426,NOT
60c5d6bf5659ea5e55defe58,NOT
60c5d6bf5659ea5e55def84e,NOT
60c5d6bf5659ea5e55def58e,HOF
60c5d6bf5659ea5e55def21d,HOF
60c5d6bf5659ea5e55def8ac,HOF
60c5d6bf5659ea5e55defc93,NOT
60c5d6bf5659ea5e55df00f0,HOF
60c5d6bf5659ea5e55def248,HOF
60c5d6bf5659ea5e55defc0f,HOF
60c5d6bf5659ea5e55defc70,HOF
60c5d6bf5659ea5e55df043b,NOT
60c5d6bf5659ea5e55def769,HOF
60c5d6bf5659ea5e55def23e,NOT
60c5d6bf5659ea5e55defb89,NOT
60c5d6bf5659ea5e55df01fa,NOT
60c5d6bf5659ea5e55defffd,NOT
60c5d6bf5659ea5e55df015b,HOF
60c5d6bf5659ea5e55defb3b,HOF
60c5d6bf5659ea5e55def47f,HOF
60c5d6bf5659ea5e55defab7,NOT
60c5d6bf5659ea5e55def371,HOF
60c5d6bf5659ea5e55df00bd,NOT
60c5d6bf5659ea5e55defbe6,HOF
60c5d6bf5659ea5e55df016a,HOF
60c5d6bf5659ea5e55defd68,NOT
60c5d6bf5659ea5e55defccc,NOT
60c5d6bf5659ea5e55df01c7,NOT
60c5d6bf5659ea5e55def770,NOT
60c5d6bf5659ea5e55def2ef,NOT
60c5d6bf5659ea5e55def2f2,HOF
60c5d6bf5659ea5e55defcef,NOT
60c5d6bf5659ea5e55def2d6,NOT
60c5d6bf5659ea5e55defff4,NOT
60c5d6bf5659ea5e55df0147,NOT
60c5d6bf5659ea5e55df0248,HOF
60c5d6bf5659ea5e55df0352,HOF
60c5d6bf5659ea5e55defe8c,HOF
60c5d6bf5659ea5e55df025b,NOT
60c5d6bf5659ea5e55deff43,NOT
60c5d6bf5659ea5e55defd2c,NOT
60c5d6bf5659ea5e55def97a,HOF
60c5d6bf5659ea5e55def2ea,HOF
60c5d6bf5659ea5e55def279,HOF
60c5d6bf5659ea5e55def6a8,HOF
60c5d6bf5659ea5e55defedc,HOF
60c5d6bf5659ea5e55def5b6,HOF
60c5d6bf5659ea5e55defbd8,HOF
60c5d6bf5659ea5e55defe6b,HOF
60c5d6bf5659ea5e55defed9,NOT
60c5d6bf5659ea5e55def13d,HOF
60c5d6bf5659ea5e55def2f8,NOT
60c5d6bf5659ea5e55defe60,NOT
60c5d6bf5659ea5e55defd8b,HOF
60c5d6bf5659ea5e55df0069,HOF
60c5d6bf5659ea5e55def7b2,HOF
60c5d6bf5659ea5e55defcee,NOT
60c5d6bf5659ea5e55def3f1,NOT
60c5d6bf5659ea5e55df017e,HOF
60c5d6bf5659ea5e55defbb8,HOF
60c5d6bf5659ea5e55df0160,NOT
60c5d6bf5659ea5e55def58a,HOF
60c5d6bf5659ea5e55df011e,NOT
60c5d6bf5659ea5e55def578,NOT
60c5d6bf5659ea5e55def2f4,HOF
60c5d6bf5659ea5e55defd9c,HOF
60c5d6bf5659ea5e55defeb7,HOF
60c5d6bf5659ea5e55def857,HOF
60c5d6bf5659ea5e55df0067,NOT
60c5d6bf5659ea5e55df0165,HOF
60c5d6bf5659ea5e55defc2d,NOT
60c5d6bf5659ea5e55def772,HOF
60c5d6bf5659ea5e55defd0e,NOT
60c5d6bf5659ea5e55df0281,HOF
60c5d6bf5659ea5e55def720,NOT
60c5d6bf5659ea5e55defa0d,HOF
60c5d6bf5659ea5e55df0101,HOF
60c5d6bf5659ea5e55def8bf,HOF
60c5d6bf5659ea5e55defc2c,NOT
60c5d6bf5659ea5e55def91c,NOT
60c5d6bf5659ea5e55def3ed,HOF
60c5d6bf5659ea5e55def8d2,NOT
60c5d6bf5659ea5e55df011b,NOT
60c5d6bf5659ea5e55def721,HOF
60c5d6bf5659ea5e55def413,HOF
60c5d6bf5659ea5e55df026e,HOF
60c5d6bf5659ea5e55defa91,NOT
60c5d6bf5659ea5e55defd38,NOT
60c5d6bf5659ea5e55def4c1,HOF
60c5d6bf5659ea5e55deffcd,HOF
60c5d6bf5659ea5e55defe1d,NOT
60c5d6bf5659ea5e55defd93,HOF
60c5d6bf5659ea5e55defaaf,NOT
60c5d6bf5659ea5e55defb19,NOT
60c5d6bf5659ea5e55df04b5,HOF
60c5d6bf5659ea5e55df0011,HOF
60c5d6bf5659ea5e55df0481,NOT
60c5d6bf5659ea5e55df02f4,HOF
60c5d6bf5659ea5e55def8b4,HOF
60c5d6bf5659ea5e55defeae,NOT
60c5d6bf5659ea5e55df039d,HOF
60c5d6bf5659ea5e55df00a2,HOF
60c5d6bf5659ea5e55def286,HOF
60c5d6bf5659ea5e55def647,HOF
60c5d6bf5659ea5e55def517,HOF
60c5d6bf5659ea5e55df023e,HOF
60c5d6bf5659ea5e55defb64,HOF
60c5d6bf5659ea5e55deffe8,NOT
60c5d6bf5659ea5e55def50c,HOF
60c5d6bf5659ea5e55def3ee,NOT
60c5d6bf5659ea5e55def829,HOF
60c5d6bf5659ea5e55df02ac,NOT
60c5d6bf5659ea5e55def940,HOF
60c5d6bf5659ea5e55def109,NOT
60c5d6bf5659ea5e55def4d3,HOF
60c5d6bf5659ea5e55defa24,NOT
60c5d6bf5659ea5e55df03c0,HOF
60c5d6bf5659ea5e55df00f1,NOT
60c5d6bf5659ea5e55def18e,HOF
60c5d6bf5659ea5e55deffa6,HOF
60c5d6bf5659ea5e55df04a5,NOT
60c5d6bf5659ea5e55df03c2,HOF
60c5d6bf5659ea5e55defdcd,HOF
60c5d6bf5659ea5e55def5a3,HOF
60c5d6bf5659ea5e55def815,HOF
60c5d6bf5659ea5e55defa8a,HOF
60c5d6bf5659ea5e55df042e,HOF
60c5d6bf5659ea5e55df0420,HOF
60c5d6bf5659ea5e55def4f7,HOF
60c5d6bf5659ea5e55def20c,HOF
60c5d6bf5659ea5e55defe77,HOF
60c5d6bf5659ea5e55df02f8,HOF
60c5d6bf5659ea5e55defb6e,HOF
60c5d6bf5659ea5e55def970,HOF
60c5d6bf5659ea5e55defa30,NOT
60c5d6bf5659ea5e55def1ab,HOF
60c5d6bf5659ea5e55df0230,NOT
60c5d6bf5659ea5e55df0462,HOF
60c5d6bf5659ea5e55defdfb,HOF
60c5d6bf5659ea5e55def474,NOT
60c5d6bf5659ea5e55def989,HOF
60c5d6bf5659ea5e55def3e1,HOF
60c5d6bf5659ea5e55df03bc,HOF
60c5d6bf5659ea5e55def8d5,NOT
60c5d6bf5659ea5e55def935,NOT
60c5d6bf5659ea5e55def5c8,HOF
60c5d6bf5659ea5e55defa84,HOF
60c5d6bf5659ea5e55def888,NOT
60c5d6bf5659ea5e55def6d7,HOF
60c5d6bf5659ea5e55defd72,NOT
60c5d6bf5659ea5e55def41e,HOF
60c5d6bf5659ea5e55defe65,HOF
60c5d6bf5659ea5e55defadb,HOF
60c5d6bf5659ea5e55def5b5,HOF
60c5d6bf5659ea5e55deff3a,HOF
60c5d6bf5659ea5e55def928,NOT
60c5d6bf5659ea5e55def139,NOT
60c5d6bf5659ea5e55def144,HOF
60c5d6bf5659ea5e55defb2f,HOF
60c5d6bf5659ea5e55defb05,HOF
60c5d6bf5659ea5e55deff10,HOF
60c5d6bf5659ea5e55def1e3,NOT
60c5d6bf5659ea5e55df0397,HOF
60c5d6bf5659ea5e55defc07,NOT
60c5d6bf5659ea5e55def4db,HOF
60c5d6bf5659ea5e55defaf1,NOT
60c5d6bf5659ea5e55df0206,NOT
60c5d6bf5659ea5e55df0330,HOF
60c5d6bf5659ea5e55df0228,NOT
60c5d6bf5659ea5e55df02f0,HOF
60c5d6bf5659ea5e55defa19,NOT
60c5d6bf5659ea5e55df049b,NOT
60c5d6bf5659ea5e55def321,HOF
60c5d6bf5659ea5e55def611,HOF
60c5d6bf5659ea5e55def3ae,HOF
60c5d6bf5659ea5e55defc74,NOT
60c5d6bf5659ea5e55def613,HOF
60c5d6bf5659ea5e55df0107,HOF
60c5d6bf5659ea5e55df020b,NOT
60c5d6bf5659ea5e55df01d6,NOT
60c5d6bf5659ea5e55defebe,HOF
60c5d6bf5659ea5e55def302,HOF
60c5d6bf5659ea5e55def127,NOT
60c5d6bf5659ea5e55df0492,HOF
60c5d6bf5659ea5e55df0226,HOF
60c5d6bf5659ea5e55df03a7,HOF
60c5d6bf5659ea5e55def3f5,HOF
60c5d6bf5659ea5e55defc54,NOT
60c5d6bf5659ea5e55df0347,HOF
60c5d6bf5659ea5e55df0110,HOF
60c5d6bf5659ea5e55def727,HOF
60c5d6bf5659ea5e55defb9a,NOT
60c5d6bf5659ea5e55def63c,HOF
60c5d6bf5659ea5e55def2b7,NOT
60c5d6bf5659ea5e55def339,HOF
60c5d6bf5659ea5e55df03ed,HOF
60c5d6bf5659ea5e55def88c,NOT
60c5d6bf5659ea5e55df006e,NOT
60c5d6bf5659ea5e55df03a4,HOF
60c5d6bf5659ea5e55def28a,NOT
60c5d6bf5659ea5e55def8d3,NOT
60c5d6bf5659ea5e55def3a8,NOT
60c5d6bf5659ea5e55def170,HOF
60c5d6bf5659ea5e55df049c,HOF
60c5d6bf5659ea5e55defe76,NOT
60c5d6bf5659ea5e55defb6f,HOF
60c5d6bf5659ea5e55defc4d,NOT
60c5d6bf5659ea5e55def5bb,NOT
60c5d6bf5659ea5e55def192,NOT
60c5d6bf5659ea5e55df034f,HOF
60c5d6bf5659ea5e55def49b,HOF
60c5d6bf5659ea5e55defd22,HOF
60c5d6bf5659ea5e55def66f,HOF
60c5d6bf5659ea5e55deff0b,NOT
60c5d6bf5659ea5e55def0f8,HOF
60c5d6bf5659ea5e55def8ff,NOT
60c5d6bf5659ea5e55def51e,HOF
60c5d6bf5659ea5e55defd28,NOT
60c5d6bf5659ea5e55defd31,NOT
60c5d6bf5659ea5e55def4a9,NOT
60c5d6bf5659ea5e55df024e,NOT
60c5d6bf5659ea5e55def6e3,HOF
60c5d6bf5659ea5e55df018b,HOF
60c5d6bf5659ea5e55def94c,HOF
60c5d6bf5659ea5e55defcd8,NOT
60c5d6bf5659ea5e55def5f9,NOT
60c5d6bf5659ea5e55df020e,HOF
60c5d6bf5659ea5e55defb52,HOF
60c5d6bf5659ea5e55defb9f,HOF
60c5d6bf5659ea5e55def9dd,HOF
60c5d6bf5659ea5e55df04db,HOF
60c5d6bf5659ea5e55defc98,NOT
60c5d6bf5659ea5e55defa92,NOT
60c5d6bf5659ea5e55df01cb,HOF
60c5d6bf5659ea5e55deff87,HOF
60c5d6bf5659ea5e55defbc5,HOF
60c5d6bf5659ea5e55df00bb,HOF
60c5d6bf5659ea5e55def3ad,HOF
60c5d6bf5659ea5e55def1c9,NOT
60c5d6bf5659ea5e55defd75,HOF
60c5d6bf5659ea5e55df04b2,NOT
60c5d6bf5659ea5e55defe8b,NOT
60c5d6bf5659ea5e55def20a,HOF
60c5d6bf5659ea5e55defdf3,NOT
60c5d6bf5659ea5e55def308,HOF
60c5d6bf5659ea5e55def530,HOF
60c5d6bf5659ea5e55defdeb,HOF
60c5d6bf5659ea5e55df002e,HOF
60c5d6bf5659ea5e55defcdc,HOF
60c5d6bf5659ea5e55def56d,NOT
60c5d6bf5659ea5e55defbe1,HOF
60c5d6bf5659ea5e55def6f4,NOT
60c5d6bf5659ea5e55def404,HOF
60c5d6bf5659ea5e55defab9,HOF
60c5d6bf5659ea5e55defe9e,NOT
60c5d6bf5659ea5e55def6d4,NOT
60c5d6bf5659ea5e55df014d,HOF
60c5d6bf5659ea5e55def85d,HOF
60c5d6bf5659ea5e55df01e9,HOF
60c5d6bf5659ea5e55defb6d,HOF
60c5d6bf5659ea5e55def7a0,HOF
60c5d6bf5659ea5e55def7b9,HOF
60c5d6bf5659ea5e55defad8,HOF
60c5d6bf5659ea5e55def793,NOT
60c5d6bf5659ea5e55defa34,NOT
60c5d6bf5659ea5e55defe9b,NOT
60c5d6bf5659ea5e55def4d4,HOF
60c5d6bf5659ea5e55def533,NOT
60c5d6bf5659ea5e55defcfb,HOF
60c5d6bf5659ea5e55def4d1,HOF
60c5d6bf5659ea5e55def43a,HOF
60c5d6bf5659ea5e55df03dc,HOF
60c5d6bf5659ea5e55def447,HOF
60c5d6bf5659ea5e55defed6,HOF
60c5d6bf5659ea5e55def833,HOF
60c5d6bf5659ea5e55defa2d,NOT
60c5d6bf5659ea5e55df0111,NOT
60c5d6bf5659ea5e55df036c,HOF
60c5d6bf5659ea5e55def3d5,HOF
60c5d6bf5659ea5e55defdf9,HOF
60c5d6bf5659ea5e55df00b4,HOF
60c5d6bf5659ea5e55deffae,HOF
60c5d6bf5659ea5e55def13f,NOT
60c5d6bf5659ea5e55def4b0,NOT
60c5d6bf5659ea5e55def1b8,HOF
60c5d6bf5659ea5e55defdc5,NOT
60c5d6bf5659ea5e55defde9,HOF
60c5d6bf5659ea5e55def70f,NOT
60c5d6bf5659ea5e55def3f6,NOT
60c5d6bf5659ea5e55def1a2,NOT
60c5d6bf5659ea5e55defee4,HOF
60c5d6bf5659ea5e55defb46,HOF
60c5d6bf5659ea5e55defaa4,NOT
60c5d6bf5659ea5e55def494,HOF
60c5d6bf5659ea5e55def865,HOF
60c5d6bf5659ea5e55defd03,HOF
60c5d6bf5659ea5e55def983,NOT
60c5d6bf5659ea5e55def3bc,NOT
60c5d6bf5659ea5e55defd52,HOF
60c5d6bf5659ea5e55df028d,NOT
60c5d6bf5659ea5e55def581,HOF
60c5d6bf5659ea5e55def861,HOF
60c5d6bf5659ea5e55df0031,HOF
60c5d6bf5659ea5e55def8da,NOT
60c5d6bf5659ea5e55defa5f,HOF
60c5d6bf5659ea5e55df01f3,NOT
60c5d6bf5659ea5e55defa35,HOF
60c5d6bf5659ea5e55def719,HOF
60c5d6bf5659ea5e55df025d,NOT
60c5d6bf5659ea5e55defe7b,HOF
60c5d6bf5659ea5e55def6e6,HOF
60c5d6bf5659ea5e55df0393,HOF
60c5d6bf5659ea5e55def4d2,HOF
60c5d6bf5659ea5e55def63f,HOF
60c5d6bf5659ea5e55def5d8,HOF
60c5d6bf5659ea5e55def74f,HOF
60c5d6bf5659ea5e55defa0f,NOT
60c5d6bf5659ea5e55def575,NOT
60c5d6bf5659ea5e55deff66,HOF
60c5d6bf5659ea5e55def89b,HOF
60c5d6bf5659ea5e55def872,HOF
60c5d6bf5659ea5e55df0200,NOT
60c5d6bf5659ea5e55def700,HOF
60c5d6bf5659ea5e55defaaa,HOF
60c5d6bf5659ea5e55defac6,NOT
60c5d6bf5659ea5e55def885,HOF
60c5d6bf5659ea5e55def437,HOF
60c5d6bf5659ea5e55defb5c,NOT
60c5d6bf5659ea5e55defe5c,HOF
60c5d6bf5659ea5e55df0021,HOF
60c5d6bf5659ea5e55def190,NOT
60c5d6bf5659ea5e55def908,HOF
60c5d6bf5659ea5e55df00e3,NOT
60c5d6bf5659ea5e55defd2a,HOF
60c5d6bf5659ea5e55deffee,NOT
60c5d6bf5659ea5e55def0f4,HOF
60c5d6bf5659ea5e55defb73,NOT
60c5d6bf5659ea5e55defbf6,NOT
60c5d6bf5659ea5e55deff38,NOT
60c5d6bf5659ea5e55def843,HOF
60c5d6bf5659ea5e55df04a8,HOF
60c5d6bf5659ea5e55df0210,NOT
60c5d6bf5659ea5e55def7ee,HOF
60c5d6bf5659ea5e55df01fe,HOF
60c5d6bf5659ea5e55def809,NOT
60c5d6bf5659ea5e55def94b,HOF
60c5d6bf5659ea5e55df0076,HOF
60c5d6bf5659ea5e55def391,HOF
60c5d6bf5659ea5e55def2e4,HOF
60c5d6bf5659ea5e55df0065,NOT
60c5d6bf5659ea5e55def768,NOT
60c5d6bf5659ea5e55deffa0,NOT
60c5d6bf5659ea5e55def13c,HOF
60c5d6bf5659ea5e55def2fe,NOT
60c5d6bf5659ea5e55defde8,HOF
60c5d6bf5659ea5e55def29b,HOF
60c5d6bf5659ea5e55def3b1,HOF
60c5d6bf5659ea5e55def367,HOF
60c5d6bf5659ea5e55df0184,HOF
60c5d6bf5659ea5e55def591,HOF
60c5d6bf5659ea5e55def51d,HOF
60c5d6bf5659ea5e55defcfc,NOT
60c5d6bf5659ea5e55defe36,NOT
60c5d6bf5659ea5e55df00dc,NOT
60c5d6bf5659ea5e55def41d,HOF
60c5d6bf5659ea5e55defd76,HOF
60c5d6bf5659ea5e55df01c1,HOF
60c5d6bf5659ea5e55def460,HOF
60c5d6bf5659ea5e55deff8a,NOT
60c5d6bf5659ea5e55def9e1,HOF
60c5d6bf5659ea5e55def63a,HOF
60c5d6bf5659ea5e55def6cf,HOF
60c5d6bf5659ea5e55def5f8,NOT
60c5d6bf5659ea5e55def787,NOT
60c5d6bf5659ea5e55defd74,NOT
60c5d6bf5659ea5e55defb22,HOF
60c5d6bf5659ea5e55df033d,HOF
60c5d6bf5659ea5e55def725,HOF
60c5d6bf5659ea5e55defd1a,NOT
60c5d6bf5659ea5e55deffe0,HOF
60c5d6bf5659ea5e55defd33,HOF
60c5d6bf5659ea5e55df02ae,HOF
60c5d6bf5659ea5e55df0416,HOF
60c5d6bf5659ea5e55def87d,HOF
60c5d6bf5659ea5e55defc76,HOF
60c5d6bf5659ea5e55def4e4,NOT
60c5d6bf5659ea5e55df0214,NOT
60c5d6bf5659ea5e55def2d3,NOT
60c5d6bf5659ea5e55defc08,NOT
60c5d6bf5659ea5e55df040b,HOF
60c5d6bf5659ea5e55defaf8,NOT
60c5d6bf5659ea5e55def735,HOF
60c5d6bf5659ea5e55def520,HOF
60c5d6bf5659ea5e55def2f6,NOT
60c5d6bf5659ea5e55def1c0,HOF
60c5d6bf5659ea5e55def9fd,HOF
60c5d6bf5659ea5e55defaa2,HOF
60c5d6bf5659ea5e55defee0,HOF
60c5d6bf5659ea5e55defa93,HOF
60c5d6bf5659ea5e55def663,HOF
60c5d6bf5659ea5e55defaf9,NOT
60c5d6bf5659ea5e55def33e,HOF
60c5d6bf5659ea5e55def7f2,HOF
60c5d6bf5659ea5e55defaec,HOF
60c5d6bf5659ea5e55def50e,HOF
60c5d6bf5659ea5e55df03ff,HOF
60c5d6bf5659ea5e55def8d6,HOF
60c5d6bf5659ea5e55def7cc,NOT
60c5d6bf5659ea5e55def250,HOF
60c5d6bf5659ea5e55def4c4,HOF
60c5d6bf5659ea5e55def94d,HOF
60c5d6bf5659ea5e55def1cd,HOF
60c5d6bf5659ea5e55def7e7,NOT
60c5d6bf5659ea5e55def1c7,NOT
60c5d6bf5659ea5e55df01bf,NOT
60c5d6bf5659ea5e55defab8,HOF
60c5d6bf5659ea5e55defd88,HOF
60c5d6bf5659ea5e55defe24,NOT
60c5d6bf5659ea5e55df000e,HOF
60c5d6bf5659ea5e55df0267,HOF
60c5d6bf5659ea5e55defebb,HOF
60c5d6bf5659ea5e55def736,HOF
60c5d6bf5659ea5e55df035a,HOF
60c5d6bf5659ea5e55defa3d,NOT
60c5d6bf5659ea5e55def376,HOF
60c5d6bf5659ea5e55deff33,HOF
60c5d6bf5659ea5e55df022f,HOF
60c5d6bf5659ea5e55def7bd,HOF
60c5d6bf5659ea5e55defa14,HOF
60c5d6bf5659ea5e55defc6d,HOF
60c5d6bf5659ea5e55deff86,HOF
60c5d6bf5659ea5e55def94f,NOT
60c5d6bf5659ea5e55df0066,HOF
60c5d6bf5659ea5e55defe3b,NOT
60c5d6bf5659ea5e55df0473,HOF
60c5d6bf5659ea5e55def639,NOT
60c5d6bf5659ea5e55df0083,HOF
60c5d6bf5659ea5e55def1b3,HOF
60c5d6bf5659ea5e55def5f0,HOF
60c5d6bf5659ea5e55defe03,NOT
60c5d6bf5659ea5e55def436,HOF
60c5d6bf5659ea5e55defb96,NOT
60c5d6bf5659ea5e55defefb,HOF
60c5d6bf5659ea5e55def100,HOF
60c5d6bf5659ea5e55df0446,HOF
60c5d6bf5659ea5e55defa2b,HOF
60c5d6bf5659ea5e55df0243,HOF
60c5d6bf5659ea5e55defb3d,HOF
60c5d6bf5659ea5e55def4f2,HOF
60c5d6bf5659ea5e55df013b,HOF
60c5d6bf5659ea5e55defe4d,NOT
60c5d6bf5659ea5e55def81f,HOF
60c5d6bf5659ea5e55def418,HOF
60c5d6bf5659ea5e55def4ae,HOF
60c5d6bf5659ea5e55df0460,HOF
60c5d6bf5659ea5e55deff61,NOT
60c5d6bf5659ea5e55defc57,NOT
60c5d6bf5659ea5e55def8f0,HOF
60c5d6bf5659ea5e55def519,HOF
60c5d6bf5659ea5e55defd44,HOF
60c5d6bf5659ea5e55def8a7,HOF
60c5d6bf5659ea5e55def8ea,NOT
60c5d6bf5659ea5e55def12c,NOT
60c5d6bf5659ea5e55defde7,HOF
60c5d6bf5659ea5e55defc8b,NOT
60c5d6bf5659ea5e55def6b9,HOF
60c5d6bf5659ea5e55def234,NOT
60c5d6bf5659ea5e55defe0c,HOF
60c5d6bf5659ea5e55defb16,HOF
60c5d6bf5659ea5e55defac5,HOF
60c5d6bf5659ea5e55def2a7,HOF
60c5d6bf5659ea5e55df0008,HOF
60c5d6bf5659ea5e55def98d,HOF
60c5d6bf5659ea5e55def49a,HOF
60c5d6bf5659ea5e55df0408,HOF
60c5d6bf5659ea5e55def765,HOF
60c5d6bf5659ea5e55defd9e,NOT
60c5d6bf5659ea5e55def512,HOF
60c5d6bf5659ea5e55def305,HOF
60c5d6bf5659ea5e55df0439,NOT
60c5d6bf5659ea5e55defb81,HOF
60c5d6bf5659ea5e55def43f,HOF
60c5d6bf5659ea5e55def2be,NOT
60c5d6bf5659ea5e55def6a3,HOF
60c5d6bf5659ea5e55df039b,NOT
60c5d6bf5659ea5e55defb51,NOT
60c5d6bf5659ea5e55def6d5,NOT
60c5d6bf5659ea5e55defe87,NOT
60c5d6bf5659ea5e55def716,HOF
60c5d6bf5659ea5e55def9ec,NOT
60c5d6bf5659ea5e55df00df,HOF
60c5d6bf5659ea5e55def74c,HOF
60c5d6bf5659ea5e55df0380,HOF
60c5d6bf5659ea5e55defaeb,HOF
60c5d6bf5659ea5e55df03c3,NOT
60c5d6bf5659ea5e55def60b,HOF
